MatchID,Date,HomeTeam,AwayTeam,Result,home_goals_scored_avg,home_goals_conceded_avg,home_goal_diff,home_points,home_wins,home_draws,home_matches_played,away_goals_scored_avg,away_goals_conceded_avg,away_goal_diff,away_points,away_wins,away_draws,away_matches_played,goal_diff_advantage,points_advantage,attack_vs_defense,defense_vs_attack,h2h_home_wins,h2h_draws,h2h_away_wins,h2h_matches,strength_difference_abs,points_difference_abs,form_interaction
0,2019-09-17,Bayern Munich,Porto,H,0.0,0.0,0.0,0.0,0.0,0.0,0,0.0,0.0,0.0,0.0,0.0,0.0,0,0.0,0.0,0.0,0.0,0,0,0,0,0.0,0.0,0.0
1,2019-09-17,Real Madrid,Benfica,H,0.0,0.0,0.0,0.0,0.0,0.0,0,0.0,0.0,0.0,0.0,0.0,0.0,0,0.0,0.0,0.0,0.0,0,0,0,0,0.0,0.0,0.0
2,2019-09-18,Barcelona,Dortmund,H,0.0,0.0,0.0,0.0,0.0,0.0,0,0.0,0.0,0.0,0.0,0.0,0.0,0,0.0,0.0,0.0,0.0,0,0,0,0,0.0,0.0,0.0
3,2019-09-18,Man City,Lyon,H,0.0,0.0,0.0,0.0,0.0,0.0,0,0.0,0.0,0.0,0.0,0.0,0.0,0,0.0,0.0,0.0,0.0,0,0,0,0,0.0,0.0,0.0
4,2019-09-24,Liverpool,Chelsea,H,0.0,0.0,0.0,0.0,0.0,0.0,0,0.0,0.0,0.0,0.0,0.0,0.0,0,0.0,0.0,0.0,0.0,0,0,0,0,0.0,0.0,0.0
5,2019-09-24,PSG,Sevilla,H,0.0,0.0,0.0,0.0,0.0,0.0,0,0.0,0.0,0.0,0.0,0.0,0.0,0,0.0,0.0,0.0,0.0,0,0,0,0,0.0,0.0,0.0
6,2019-10-01,Juventus,Atletico Madrid,D,0.0,0.0,0.0,0.0,0.0,0.0,0,0.0,0.0,0.0,0.0,0.0,0.0,0,0.0,0.0,0.0,0.0,0,0,0,0,0.0,0.0,0.0
7,2019-10-01,Ajax,Man United,H,0.0,0.0,0.0,0.0,0.0,0.0,0,0.0,0.0,0.0,0.0,0.0,0.0,0,0.0,0.0,0.0,0.0,0,0,0,0,0.0,0.0,0.0
8,2019-10-22,Bayern Munich,Lyon,H,3.0,1.0,2.0,3.0,1.0,0.0,1,0.0,3.0,-3.0,0.0,0.0,0.0,1,5.0,3.0,0.0,-1.0,0,0,0,0,5.0,3.0,-6.0
9,2019-10-22,Man City,Dortmund,H,3.0,0.0,3.0,3.0,1.0,0.0,1,1.0,2.0,-1.0,0.0,0.0,0.0,1,4.0,3.0,1.0,1.0,0,0,0,0,4.0,3.0,-3.0
10,2019-10-23,Real Madrid,Barcelona,D,2.0,1.0,1.0,3.0,1.0,0.0,1,2.0,1.0,1.0,3.0,1.0,0.0,1,0.0,0.0,1.0,1.0,0,0,0,0,0.0,0.0,1.0
11,2019-10-23,Liverpool,Man United,H,2.0,0.0,2.0,3.0,1.0,0.0,1,1.0,2.0,-1.0,0.0,0.0,0.0,1,3.0,3.0,0.0,1.0,0,0,0,0,3.0,3.0,-2.0
12,2019-11-05,Chelsea,Ajax,H,0.0,2.0,-2.0,0.0,0.0,0.0,1,2.0,1.0,1.0,3.0,1.0,0.0,1,-3.0,-3.0,-1.0,0.0,0,0,0,0,3.0,3.0,-2.0
13,2019-11-05,PSG,Porto,H,1.0,0.0,1.0,3.0,1.0,0.0,1,1.0,3.0,-2.0,0.0,0.0,0.0,1,3.0,3.0,-2.0,1.0,0,0,0,0,3.0,3.0,-2.0
14,2019-11-06,Inter Milan,Dortmund,H,0.0,0.0,0.0,0.0,0.0,0.0,0,1.7310585786300048,3.4621171572600096,-1.7310585786300048,0.0,0.0,0.0,2,1.7310585786300048,0.0,-3.4621171572600096,1.7310585786300048,0,0,0,0,1.7310585786300048,0.0,-0.0
15,2019-11-06,AC Milan,Benfica,D,0.0,0.0,0.0,0.0,0.0,0.0,0,1.0,2.0,-1.0,0.0,0.0,0.0,1,1.0,0.0,-2.0,1.0,0,0,0,0,1.0,0.0,-0.0
16,2019-11-26,Man City,Barcelona,H,3.731058578630005,1.4621171572600098,2.2689414213699948,3.0,1.0,0.0,2,2.0,1.7310585786300048,0.2689414213699952,1.5378828427399902,0.2689414213699951,0.7310585786300049,2,1.9999999999999996,1.4621171572600098,2.0,0.5378828427399902,0,0,0,0,1.9999999999999996,1.4621171572600098,0.6102123308685037
17,2019-11-26,Atletico Madrid,Liverpool,A,1.0,1.0,0.0,1.0,0.0,1.0,1,2.7310585786300052,0.7310585786300049,2.0000000000000004,3.0,1.0,0.0,2,-2.0000000000000004,-2.0,0.2689414213699951,1.7310585786300052,0,0,0,0,2.0000000000000004,2.0,0.0
18,2019-11-27,Juventus,Chelsea,H,1.0,1.0,0.0,1.0,0.0,1.0,1,0.7310585786300049,0.5378828427399902,0.1931757358900147,2.193175735890015,0.7310585786300049,0.0,2,-0.1931757358900147,-1.1931757358900148,0.4621171572600098,-0.2689414213699951,0,0,0,0,0.1931757358900147,1.1931757358900148,0.0
19,2019-11-27,Bayern Munich,Real Madrid,H,2.268941421369995,0.2689414213699951,2.0,3.0,1.0,0.0,2,2.0,1.7310585786300048,0.2689414213699952,1.5378828427399902,0.2689414213699951,0.7310585786300049,2,1.7310585786300048,1.4621171572600098,0.5378828427399904,1.7310585786300048,0,0,0,0,1.7310585786300048,1.4621171572600098,0.5378828427399904
20,2019-12-10,PSG,Man City,A,1.7310585786300048,0.7310585786300049,0.9999999999999999,3.0,1.0,0.0,2,2.8007154946628443,1.1208721624926508,1.6798433321701935,3.0,1.0,0.0,3,-0.6798433321701937,0.0,0.610186416137354,2.0696569160328395,0,0,0,0,0.6798433321701937,0.0,1.6798433321701933
21,2019-12-10,Liverpool,Bayern Munich,H,1.8007154946628443,0.3071958857184984,1.4935196089443459,3.0,1.0,0.0,3,2.692804114281502,1.1992845053371557,1.493519608944346,3.0,1.0,0.0,3,-2.220446049250313e-16,0.0,0.6014309893256886,2.3856082285630036,0,0,0,0,2.220446049250313e-16,0.0,2.2306008223012723
22,2019-12-11,Barcelona,Inter Milan,H,1.493519608944346,1.8136762767741523,-0.32015666782980623,0.8661670553960412,0.1863237232258476,0.3071958857184984,3,2.0,0.0,2.0,3.0,1.0,0.0,1,-2.3201566678298065,-2.1338329446039586,1.493519608944346,0.18632372322584767,0,0,0,0,2.3201566678298065,2.1338329446039586,-0.6403133356596125
23,2019-12-11,Dortmund,Ajax,H,0.8007154946628443,2.6143917714369964,-1.813676276774152,0.0,0.0,0.0,3,0.5378828427399902,1.0,-0.4621171572600098,0.8068242641099853,0.2689414213699951,0.0,2,-1.3515591195141423,-0.8068242641099853,-0.1992845053371557,-2.076508928697006,0,0,0,0,1.3515591195141423,0.8068242641099853,0.8381309252127899
24,2020-02-18,Chelsea,Bayern Munich,A,0.3071958857184984,1.3856082285630031,-1.0784123428445047,0.9215876571554951,0.3071958857184984,0.0,3,2.032492819364494,1.463123136476694,0.5693696828878001,1.8451890774804256,0.6150630258268085,0.0,4,-1.6477820257323048,-0.9236014203249305,-1.1559272507581955,0.6468845908014909,0,0,0,0,1.6477820257323048,0.9236014203249305,-0.6140152936676652
25,2020-02-18,Real Madrid,Man City,A,2.0,2.3201566678298065,-0.32015666782980645,0.8661670553960412,0.1863237232258476,0.3071958857184984,3,2.536876863523306,1.0560228333440635,1.4808540301792426,3.0,1.0,0.0,4,-1.801010698009049,-2.1338329446039586,0.9439771666559365,0.21672019569349965,0,0,0,0,1.801010698009049,2.1338329446039586,-0.47410529184452593
26,2020-02-25,Liverpool,Atletico Madrid,H,1.9218138376964973,0.5825702064623146,1.3392436312341827,3.0,1.0,0.0,4,0.2689414213699951,1.0,-0.7310585786300049,0.2689414213699951,0.0,0.2689414213699951,2,2.0703022098641877,2.731058578630005,0.9218138376964973,-0.3136287850923195,1,0,0,1,2.0703022098641877,2.731058578630005,-0.979065545489348
27,2020-02-25,PSG,Dortmund,H,1.3071958857184982,1.3201566678298065,-0.012960782111308244,1.4805588268330379,0.493519608944346,0.0,3,1.6916877860428805,2.010329490405055,-0.3186417043621743,1.1548109225195744,0.38493697417319145,0.0,4,0.30568092225086607,0.32574790431346345,-0.7031336046865566,0.37153111821307405,0,0,0,0,0.30568092225086607,0.32574790431346345,0.004129845701814039
28,2020-08-07,Bayern Munich,Barcelona,H,2.3706652037587306,0.9730172002796144,1.3976480034791163,2.275663847770754,0.7585546159235846,0.0,5,2.1091175795805657,1.0885156527085575,1.0206019268720081,1.7772753516438764,0.5265473731182511,0.19763323228912322,4,0.3770460766071082,0.4983884961268774,1.282149551050173,1.1361003793009514,0,0,0,0,0.3770460766071082,0.4983884961268774,1.4264422454396013
29,2020-08-07,Man City,Real Madrid,H,2.4069387799282835,1.0323933043370317,1.3745454755912518,3.0,1.0,0.0,5,1.6150630258268084,2.134208995647566,-0.5191459698207574,0.622464429124302,0.14161039894505958,0.19763323228912322,4,1.8936914454120093,2.377535570875698,0.2727297842807177,0.5826697214897767,1,0,0,1,1.8936914454120093,2.377535570875698,-0.7135897439885547
30,2020-08-08,Liverpool,PSG,H,1.6483841640046988,0.38788941216485384,1.260494751839845,3.0,1.0,0.0,5,1.5825702064623146,0.7492720214743747,0.83329818498794,2.1725418162221226,0.7241806054073743,0.0,4,0.4271965668519051,0.8274581837778774,0.8991121425303241,1.1946807942974607,0,0,0,0,0.4271965668519051,0.8274581837778774,1.0503679888949666
31,2020-08-08,Leipzig,Atletico Madrid,H,0.0,0.0,0.0,0.0,0.0,0.0,0,0.1863237232258476,1.0,-0.8136762767741524,0.1863237232258476,0.0,0.1863237232258476,3,0.8136762767741524,-0.1863237232258476,-1.0,0.1863237232258476,0,0,0,0,0.8136762767741524,0.1863237232258476,-0.0
32,2020-08-12,Bayern Munich,Man City,H,3.83267755032959,1.2467067414024535,2.5859708089271365,2.4783597445259864,0.8261199148419954,0.0,6,2.3285380273953225,1.0211278926680616,1.3074101347272609,3.0,1.0,0.0,6,1.2785606741998756,-0.5216402554740136,2.811549657661528,1.081831285992869,0,0,0,0,1.2785606741998756,0.5216402554740136,3.380924443700191
33,2020-08-14,PSG,Leipzig,H,1.0778674022688026,1.1425637562559174,-0.06469635398711482,1.5058204077487816,0.5019401359162605,0.0,5,2.0,1.0,1.0,3.0,1.0,0.0,1,-1.0646963539871148,-1.4941795922512184,0.07786740226880262,0.8574362437440826,0,0,0,0,1.0646963539871148,1.4941795922512184,-0.06469635398711482
34,2020-08-23,Bayern Munich,PSG,H,3.1303660949154657,0.9588223053482885,2.171543789567177,2.5943335319863894,0.8647778439954631,0.0,7,1.5968549871780446,0.8260324840233724,0.7708225031546723,1.9357842339966336,0.6452614113322112,0.0,6,1.400721286412505,0.6585492979897558,2.304333610892093,0.6380326818297561,0,0,0,0,1.400721286412505,0.6585492979897558,1.6738748195841544
35,2020-10-20,Chelsea,Sevilla,D,0.19763323228912322,1.989670509594945,-1.7920372773058217,0.5928996968673697,0.19763323228912322,0.0,4,0.0,1.0,-1.0,0.0,0.0,0.0,1,-0.7920372773058217,0.5928996968673697,-0.8023667677108768,-1.989670509594945,0,0,0,0,0.7920372773058217,0.5928996968673697,1.7920372773058217
36,2020-10-20,Man United,PSG,A,1.0,2.7310585786300052,-1.7310585786300052,0.0,0.0,0.0,2,1.2268587598780898,0.8682529253436561,0.35860583453443373,1.5085415076634154,0.5028471692211385,0.0,7,-2.089664413164439,-1.5085415076634154,0.13174707465634394,-1.5041998187519154,0,0,0,0,2.089664413164439,1.5085415076634154,-0.6207677062176037
37,2020-10-21,Dortmund,Porto,H,1.1312749321575297,2.0514426721004613,-0.9201677399429316,0.7243361522292462,0.24144538407641541,0.0,5,1.0,2.268941421369995,-1.2689414213699952,0.0,0.0,0.0,2,0.34877368142706366,0.7243361522292462,-1.1376664892124655,-1.0514426721004613,0,0,0,0,0.34877368142706366,0.7243361522292462,1.1676389598219996
38,2020-10-21,Barcelona,Lyon,H,2.053407529888727,3.263190567472069,-1.209783037583342,1.2129323515719046,0.35549610782782204,0.1464440280884384,5,0.0,2.268941421369995,-2.268941421369995,0.0,0.0,0.0,2,1.0591583837866532,1.2129323515719046,-0.21553389148126811,-3.263190567472069,0,0,0,0,1.0591583837866532,1.2129323515719046,2.7449268448436586
39,2020-10-28,Real Madrid,Ajax,H,1.4485326060275336,2.073987130436282,-0.6254545244087484,0.4885961993426583,0.11405072375140664,0.1464440280884384,5,0.8791278375073492,2.0129607821113082,-1.133832944603959,0.5589711696775428,0.1863237232258476,0.0,3,0.5083784201952106,-0.07037497033488449,-0.5644281760837746,-1.1948592929289328,0,0,0,0,0.5083784201952106,0.07037497033488449,0.70916094512624
40,2020-10-28,Liverpool,Man City,D,1.761816718020006,0.29043539184579925,1.4713813261742068,3.0,1.0,0.0,6,1.8299109110610625,1.0148745251713476,0.8150363858897149,2.3311690653761667,0.777056355125389,0.0,7,0.6563449402844919,0.6688309346238333,0.7469421928486584,1.5394755192152632,0,0,0,0,0.6563449402844919,0.6688309346238333,1.1992293183506413
41,2020-11-03,Bayern Munich,Chelsea,H,2.7009212645844127,0.7777786048213775,1.9231426597630352,2.6688715920295625,0.8896238640098542,0.0,8,0.1464440280884384,1.3285133081074365,-1.182069280018998,0.7493540941613663,0.1464440280884384,0.3100220098960511,5,3.1052119397820332,1.9195174978681961,1.3724079564769762,-0.6313345767329391,1,0,0,1,3.1052119397820332,1.9195174978681961,-2.273287859199912
42,2020-11-03,Juventus,Barcelona,A,1.7310585786300048,0.2689414213699951,1.4621171572600096,2.46211715726001,0.7310585786300049,0.2689414213699951,2,2.031519112091328,2.5716795038042517,-0.5401603917129236,1.7026736206210444,0.5287061046444166,0.11655530668779458,6,2.002277548972933,0.7594435366389656,-0.8406209251742469,1.7625776907213329,0,0,0,0,2.002277548972933,0.7594435366389656,-0.7897777763957531
43,2020-11-04,Man City,Dortmund,H,1.898924998865318,1.2064953383712909,0.6924296604940272,2.1007900206497196,0.6351121720563577,0.19545350448064663,8,1.3689754938026937,1.540433317284227,-0.17145782348153338,1.2998360718740503,0.4332786906246834,0.0,6,0.8638874839755606,0.8009539487756694,0.358491681581091,0.16248015543140282,1,0,0,1,0.8638874839755606,0.8009539487756694,-0.118722482502363
44,2020-11-04,Porto,Inter Milan,H,0.493519608944346,2.186323723225848,-1.6928041142815018,0.0,0.0,0.0,3,0.5378828427399902,2.193175735890015,-1.6552928931500246,0.8068242641099853,0.2689414213699951,0.0,2,-0.0375112211314772,-0.8068242641099853,-1.6996561269456687,-1.6484408804858577,0,0,0,0,0.0375112211314772,0.8068242641099853,2.802086619865292
45,2020-11-24,Liverpool,Atletico Madrid,H,1.8226817227562935,0.6780003544143028,1.1446813683419905,2.5541127102507777,0.777056355125389,0.22294364487461094,7,0.5265473731182511,1.3849369741731914,-0.8583896010549403,0.14161039894505958,0.0,0.14161039894505958,4,2.003070969396931,2.412502311305718,0.4377447485831021,-0.15145298129605178,2,0,0,2,2.003070969396931,2.412502311305718,-0.9825825831061045
46,2020-11-24,PSG,Man United,A,1.5812256755708027,0.8938503472370118,0.6873753283337909,1.8226709905119354,0.6075569968373118,0.0,8,1.0,2.813676276774152,-1.813676276774152,0.0,0.0,0.0,3,2.5010516051079428,1.8226709905119354,-1.2324506012033494,0.10614965276298816,1,0,0,1,2.5010516051079428,1.8226709905119354,-1.2466763262388403
47,2020-11-25,Real Madrid,Bayern Munich,D,1.873140904707562,1.787534953580265,0.08560595112729708,1.1810333651470304,0.3548260194864119,0.11655530668779458,6,2.7610201052674785,0.6538012035427444,2.107218901724734,2.7206110658376454,0.9068703552792151,0.0,9,-2.021612950597437,-1.539577700690615,1.2193397011648175,0.9734851516872136,0,0,1,1,2.021612950597437,1.539577700690615,0.1803904783155642
48,2020-11-25,Ajax,Benfica,H,0.9439771666559362,2.3215127375316342,-1.377535570875698,0.4248311968351788,0.14161039894505958,0.0,4,1.0,1.2689414213699952,-0.2689414213699952,0.7310585786300049,0.0,0.7310585786300049,2,-1.1085941495057028,-0.3062273817948261,-0.324964254714059,-1.3215127375316342,0,0,0,0,1.1085941495057028,0.3062273817948261,0.370476374419038
49,2020-12-01,Man City,Bayern Munich,A,2.11204930206196,1.1620672600654052,0.949982041996555,2.286401847086636,0.7109523403009108,0.15354482618390386,9,2.644673790384368,0.8772588859016481,1.7674149044827197,2.4450039361624247,0.7627455060998671,0.15676741786282353,10,-0.8174328624861646,-0.15860208907578865,1.234790416160312,1.4826065303189626,0,0,1,1,0.8174328624861646,0.15860208907578865,1.6790124200156402
50,2020-12-01,Chelsea,Man United,A,0.11655530668779458,1.77541284604687,-1.6588575393590754,0.5620435356644959,0.11655530668779458,0.21237761560111215,6,1.3849369741731914,2.0885156527085575,-0.7035786785353662,1.1548109225195744,0.38493697417319145,0.0,4,-0.9552788608237093,-0.5927673868550785,-1.9719603460207629,-0.3904758718736787,0,0,0,0,0.9552788608237093,0.5927673868550785,1.1671367954206875
51,2020-12-02,Barcelona,Dortmund,D,2.0207590721463884,1.9714109059622613,0.049348166184127074,1.98359062496616,0.6288999054352052,0.09689090866054416,7,1.2818437558322284,1.9040678640574398,-0.6222241082252113,0.971819631214194,0.323939877071398,0.0,7,0.6715722744093384,1.0117709937519659,0.11669120808894862,-0.6895671501300329,1,0,0,1,0.6715722744093384,1.0117709937519659,-0.030705618696468
52,2020-12-02,Liverpool,Ajax,H,1.8599364801942921,0.5321899428101217,1.3277465373841704,2.6611313530740093,0.8305656765370044,0.16943432346299564,8,1.2776287055590194,1.8589664765282077,-0.5813377709691883,1.2722182009423733,0.42407273364745773,0.0,5,1.9090843083533586,1.388913152131636,0.0009700036660844624,0.7454387627488978,0,0,0,0,1.9090843083533586,1.388913152131636,-0.7718692124549716
53,2020-12-09,Bayern Munich,Atletico Madrid,H,2.682040137341308,0.8901664253151961,1.7918737120261117,2.5033677014009204,0.7876953507672662,0.14028164909912183,10,0.35549610782782204,1.5514673939724666,-1.1959712861446445,0.11405072375140664,0.0,0.11405072375140664,5,2.987844998170756,2.389316977649514,1.1305727433688413,-0.534670317487374,0,0,0,0,2.987844998170756,2.389316977649514,-2.143029507980647
54,2020-12-09,Real Madrid,Inter Milan,H,1.8937494630162217,1.8437289793020901,0.05002048371413159,1.1320368672033276,0.2707341045560575,0.3198345535351551,7,0.3726474464516952,1.428068048211149,-1.0554206017594538,0.5589711696775428,0.1863237232258476,0.0,3,1.1054410854735854,0.5730656975257848,0.46568141480507275,-1.471081532850395,0,0,0,0,1.1054410854735854,0.5730656975257848,-0.05279264902186773
55,2021-02-17,Leipzig,Liverpool,A,0.5378828427399902,2.46211715726001,-1.9242343145200198,0.8068242641099853,0.2689414213699951,0.0,2,1.8848131043807919,0.4366647519868643,1.4481483523939276,2.7289943329696293,0.8644971664848147,0.13550283351518524,9,-3.372382666913947,-1.9221700688596441,0.10121809075312593,-0.5773040528792182,0,0,0,0,3.372382666913947,1.9221700688596441,-2.7865767521920253
56,2021-02-17,Barcelona,PSG,A,1.819239998559821,1.7900996606406219,0.029140337919199233,1.7741766321516605,0.4985926559256764,0.2783986643746311,8,1.47087785269627,1.0849879361780426,0.38588991651822746,1.508375245089577,0.5027917483631924,0.0,9,-0.3567495785990282,0.26580138706208345,0.7342520623817785,-0.31922180794435184,0,0,0,0,0.3567495785990282,0.26580138706208345,0.01124496256695273
57,2021-02-24,Bayern Munich,Man City,A,2.9238511662641224,0.9533233337429634,1.970527832521159,2.5555938932136497,0.8100214527240661,0.12552953504145134,10,1.9454262390294936,1.4458418729243157,0.499584366105178,1.9416523861990733,0.6053742837192073,0.12552953504145134,10,1.470943466415981,0.6139415070145764,1.4780092933398068,0.9921029052865302,2,0,0,2,1.470943466415981,0.6139415070145764,0.9844448981026935
58,2021-02-24,Atletico Madrid,Chelsea,A,0.5287061046444166,2.164453517159153,-1.6357474125147362,0.0954274140197332,0.0,0.0954274140197332,6,0.09689090866054416,1.5877222107834936,-1.4908313021229496,0.4504188280277349,0.09689090866054416,0.15974610204610243,7,-0.14491611039178665,-0.3549914140080017,-1.059016106139077,-2.0675626084986085,0,0,0,0,0.14491611039178665,0.3549914140080017,2.4386234449435897
59,2021-03-10,Man City,Dortmund,H,2.0563259362027915,1.6073309895148506,0.4489949466879408,2.0529489443142603,0.6468733936459142,0.11232876337651782,10,1.2275676226437784,1.735737261841783,-0.5081696391980046,0.9672185238586681,0.2572550064593405,0.19545350448064663,8,0.9571645858859454,1.0857304204555922,0.32058867436100846,-0.37976336687107226,2,0,0,2,0.9571645858859454,1.0857304204555922,-0.2281656000601382
60,2021-03-10,Real Madrid,Liverpool,H,1.9091766877290346,1.48599342751585,0.42318326021318464,1.4950865862165248,0.4142357009531815,0.2523794833569801,8,1.9024801698419012,0.36959361502482774,1.5328865548170734,2.7753424732469645,0.8876712366234822,0.11232876337651782,10,-1.1097032946038887,-1.2802558870304397,1.5395830727042068,0.4164867423260512,0,0,0,0,1.1097032946038887,1.2802558870304397,0.6486919298044457
61,2021-04-06,Bayern Munich,PSG,A,2.7750916117807525,1.2201599849038347,1.5549316268769178,2.132025689426697,0.6732323086833931,0.11232876337651782,10,1.8650551940645705,1.0635757114986824,0.8014794825658882,1.7562622353953363,0.5854207451317788,0.0,10,0.7534521443110296,0.3757634540313608,1.7115159002820701,0.6448952091607358,1,0,0,1,0.7534521443110296,0.3757634540313608,1.2462457957346469
62,2021-04-06,Porto,Chelsea,A,0.7241806054073743,1.3717364505986767,-0.6475558451913024,1.1548109225195744,0.38493697417319145,0.0,4,0.2783986643746311,1.276371260747054,-0.997972596372423,0.9625220398739077,0.2783986643746311,0.12732604675001438,8,0.3504167511811206,0.19228888264566668,-0.5521906553396798,-1.0933377862240454,0,0,0,0,0.3504167511811206,0.19228888264566668,0.6462429881217028
63,2021-04-07,Real Madrid,Liverpool,D,2.0949105555644874,1.4175200511475885,0.6773905044168989,1.7413975107711064,0.5111217456734041,0.2080322737508942,9,1.7559680039426502,0.8010291515562407,0.9549388523864095,2.3286653586546366,0.7427163882587302,0.10051619387844621,10,-0.27754834796951067,-0.5872678478835303,1.2938814040082467,0.3384479527950617,1,0,0,1,0.27754834796951067,0.5872678478835303,0.6468665109053244
64,2021-04-07,Man City,Dortmund,H,1.9471891929162495,1.4918569130604709,0.4553322798557786,2.1525414803418452,0.684008428821133,0.10051619387844621,10,1.190653224690949,1.7947255813447403,-0.6040723566537913,0.7916762529520196,0.21271047558937192,0.15354482618390386,9,1.05940463650957,1.3608652273898256,0.15246361157150923,-0.30120368836952194,3,0,0,3,1.05940463650957,1.3608652273898256,-0.27505364335302385
65,2021-04-27,Chelsea,Real Madrid,H,0.5740524309530236,1.0660215190015094,-0.4919690880484858,1.305719758908975,0.4000633486863182,0.10552971285002047,9,1.756830088955642,1.2089597412702289,0.5478703476854132,1.6055418577626788,0.4239988880962849,0.33354519347382405,10,-1.039839435733899,-0.2998220988537037,-0.6349073103172053,0.6908085699541326,0,0,0,0,1.039839435733899,0.2998220988537037,-0.2695352753195996
66,2021-04-28,PSG,Man City,A,2.0876202345891093,1.2652641987834856,0.8223560358056237,1.887054548424931,0.6290181828083103,0.0,10,1.952742813468761,1.4401329040534567,0.5126099094153043,2.2416607972405793,0.7172383183272033,0.08994584225896952,10,0.3097461263903194,-0.3546062488156483,0.6474873305356525,0.6874786146852754,0,0,1,1,0.3097461263903194,0.3546062488156483,0.4215478530214495
67,2021-05-05,Man City,PSG,H,1.9577124114898172,1.3938482271707195,0.5638641843190977,2.3214082658892066,0.7469737299506323,0.08048707603730937,10,1.9216386129960097,1.3941362522775487,0.527502360718461,1.5337903988724346,0.5112634662908115,0.0,10,0.03636182360063667,0.7876178670167719,0.5635761592122686,0.5277903858252901,2,0,0,2,0.03636182360063667,0.7876178670167719,0.29743968835291346
68,2021-05-29,Man City,Chelsea,A,1.9621594031878207,1.1956634606671739,0.7664959425206468,2.392769436252419,0.7735821453729357,0.07202300013361215,10,0.7840766811998248,0.9147275935455399,-0.13065091234571513,1.5510286849726078,0.48702761423787944,0.08994584225896952,10,0.8971468548663619,0.8417407512798112,1.0474318096422808,-0.4115867794673491,0,0,0,0,0.8971468548663619,0.8417407512798112,-0.10014339419961132
69,2021-09-14,Man City,Leipzig,H,1.6526039104750945,1.1750873574689493,0.47751655300614515,1.9863239635988392,0.6406249837881188,0.06444901223448275,10,0.3726474464516952,2.1208721624926508,-1.7482247160409556,0.5589711696775428,0.1863237232258476,0.0,3,2.225741269047101,1.4273527939212964,-0.4682682520175563,-0.8024399110172542,0,0,0,0,2.225741269047101,1.4273527939212964,-0.8348062402840241
70,2021-09-14,Liverpool,AC Milan,H,1.4164890049643537,0.6651856440497873,0.7513033609145664,2.0857285324590484,0.6130050907790852,0.24671326012179307,10,1.0,1.0,0.0,1.0,0.0,1.0,1,0.7513033609145664,1.0857285324590484,0.4164890049643537,0.3348143559502127,0,0,0,0,0.7513033609145664,1.0857285324590484,0.0
71,2021-09-15,Bayern Munich,Barcelona,H,2.745189183031631,1.4589359115296632,1.2862532715019679,1.9078204113572717,0.6024347391596084,0.10051619387844621,10,1.683409113265279,2.1867588217548946,-0.5033497084896155,1.462735212795907,0.4122203154587648,0.2260742664196128,9,1.7896029799915834,0.44508519856136464,0.5584303612767365,0.2244732017356159,1,0,0,1,1.7896029799915834,0.44508519856136464,-0.6474352092543297
72,2021-09-15,Real Madrid,Inter Milan,H,1.4688671672056088,1.3437528099827827,0.12511435722282616,1.2818817750856495,0.32780414067693864,0.2984693530548336,10,0.28322079789011917,1.6385930398063784,-1.3553722419162593,0.4248311968351788,0.14161039894505958,0.0,4,1.4804865991390854,0.8570505782504707,-0.16972587260076955,-1.0605320120926636,1,0,0,1,1.4804865991390854,0.8570505782504707,-0.16957652684501362
73,2021-09-28,Chelsea,Juventus,H,0.8583900595977532,0.7153207455251568,0.14306931407259638,1.8582237024088493,0.59257887545718,0.08048707603730937,10,0.8007154946628443,1.1992845053371557,-0.3985690106743114,1.1079113803813427,0.3071958857184984,0.1863237232258476,3,0.5416383247469078,0.7503123220275065,-0.34089444573940253,0.08539474913768752,0,0,1,1,0.5416383247469078,0.7503123220275065,-0.057022994967767075
74,2021-09-28,Man United,Villarreal,H,1.2414453840764155,1.4729924784076094,-0.23154709433119391,1.6544021819173997,0.5514673939724666,0.0,5,0.0,0.0,0.0,0.0,0.0,0.0,0,-0.23154709433119391,1.6544021819173997,1.2414453840764155,-1.4729924784076094,0,0,0,0,0.23154709433119391,1.6544021819173997,-0.0
75,2021-09-29,Bayern Munich,Benfica,H,2.771985262627113,1.3055132143491537,1.4664720482779592,2.0226747630603414,0.6442429736004573,0.08994584225896952,10,1.0,1.6928041142815016,-0.6928041142815016,0.3071958857184984,0.0,0.3071958857184984,3,2.1592761625594608,1.715478877341843,1.0791811483456113,-0.3055132143491537,0,0,0,0,2.1592761625594608,1.715478877341843,-1.015977868525791
76,2021-09-29,Man City,PSG,H,2.4194194613912305,1.470209887065995,0.9492095743252356,2.247743032147267,0.7300238406900005,0.05767151007726551,10,1.6679510489402696,1.4578492979054483,0.21010175103482132,1.3724959526634493,0.4574986508878164,0.0,10,0.7391078232904142,0.8752470794838176,0.9615701634857823,0.1977411618742746,3,0,0,3,0.7391078232904142,0.8752470794838176,0.19943059366474936
77,2021-10-19,Liverpool,Atletico Madrid,H,1.6862255723886457,0.9087691030018854,0.7774564693867603,2.1818739446027835,0.6537017398221174,0.2207687251364312,10,0.4059562605605943,1.8611214212512226,-1.4551651606906284,0.08201638348919636,0.0,0.08201638348919636,7,2.2326216300773885,2.0998575611135872,-0.17489584886257692,-0.5028128424412911,3,0,0,3,2.2326216300773885,2.0998575611135872,-1.1313275682051536
78,2021-10-19,Man City,Brugge,H,2.3753130242899796,1.2123881415614801,1.1629248827284995,2.4300643581721983,0.8100214527240661,0.0,10,0.0,0.0,0.0,0.0,0.0,0.0,0,1.1629248827284995,2.4300643581721983,2.3753130242899796,-1.2123881415614801,0,0,0,0,1.1629248827284995,2.4300643581721983,0.0
79,2021-10-20,Barcelona,Benfica,D,1.4291180560374772,2.307656851790067,-0.8785387957525899,1.2429891773845507,0.3510035433695389,0.1899785472759341,10,0.6150630258268085,2.5722407160572596,-1.9571776902304512,0.19763323228912322,0.0,0.19763323228912322,4,1.0786388944778613,1.0453559450954275,-1.1431226600197824,-1.6925938259632587,0,0,0,0,1.0786388944778613,1.0453559450954275,1.7194565310488958
80,2021-10-20,Bayern Munich,Dortmund,H,2.694697192662495,1.0650110834659419,1.629686109196553,2.125450952671474,0.6816546255447216,0.08048707603730937,10,1.163970515794966,1.8341777890098303,-0.6702072732148643,0.6685393447887181,0.18100326991575558,0.12552953504145134,10,2.299893382411417,1.456911607882756,0.8605194036526647,0.09895943232902416,0,0,0,0,2.299893382411417,1.456911607882756,-1.0922274834407635
81,2021-11-02,Real Madrid,Sevilla,H,1.3679540409017625,1.0992293770979962,0.26872466380376636,1.5657737307657116,0.450099451155097,0.21547537730042088,10,0.0,0.2689414213699951,-0.2689414213699951,0.7310585786300049,0.0,0.7310585786300049,2,0.5376660851737615,0.8347151521357067,1.0990126195317673,-1.0992293770979962,0,0,0,0,0.5376660851737615,0.8347151521357067,-0.072271193040559
82,2021-11-02,Liverpool,Porto,H,1.8759897234252594,1.0751304243206685,0.8008592991045909,2.2679086395203196,0.6901187014484187,0.1975525351750635,10,0.5019401359162605,1.6311599555985759,-1.1292198196823153,0.7243361522292462,0.24144538407641541,0.0,5,1.9300791187869062,1.5435724872910734,0.24482976782668353,-0.573190288404408,0,0,0,0,1.9300791187869062,1.5435724872910734,-0.9043461933257916
83,2021-11-03,Man City,Brugge,H,2.7545403691584576,1.1900532594943487,1.5644871096641089,2.48999917963865,0.8299997265462167,0.0,10,1.0,5.0,-4.0,0.0,0.0,0.0,1,5.564487109664109,2.48999917963865,-2.2454596308415424,-0.1900532594943487,1,0,0,1,5.564487109664109,2.48999917963865,-6.2579484386564355
84,2021-11-03,PSG,Leipzig,H,1.3893347077591356,1.618075705481667,-0.22874099772253143,1.0733431365802684,0.35778104552675616,0.0,10,1.4380317204096935,3.5957707300368296,-2.157739009627136,0.4248311968351788,0.14161039894505958,0.0,4,1.9289980119046044,0.6485119397450896,-2.206436022277694,-0.1800439850719735,1,0,0,1,1.9289980119046044,0.6485119397450896,0.4935633738869379
85,2021-11-23,Bayern Munich,Barcelona,H,3.143551349540631,1.2665486260540424,1.8770027234865887,2.2174191279678834,0.7151320426114238,0.07202300013361215,10,1.1756175555572694,2.01337534602063,-0.8377577904633604,1.1142228001296908,0.2624850362710279,0.3267676913166069,10,2.7147605139499493,1.1031963278381927,1.1301760035200012,-0.09093107049677296,2,0,0,2,2.7147605139499493,1.1031963278381927,-1.5724736543218343
86,2021-11-23,Man United,Villarreal,D,1.4332786906246835,1.4008823579275638,0.03239633269711972,1.9369689186773864,0.6456563062257955,0.0,6,1.0,2.0,-1.0,0.0,0.0,0.0,1,1.0323963326971197,1.9369689186773864,-0.5667213093753165,-0.40088235792756377,1,0,0,1,1.0323963326971197,1.9369689186773864,-0.03239633269711972
87,2021-11-24,Chelsea,Juventus,H,0.8732818576763299,0.6400971272288769,0.23318473044745303,1.9782936779086941,0.6354235592583607,0.07202300013361215,10,0.536876863523306,1.0781861623035025,-0.5413092987801965,0.7345100958124292,0.19763323228912322,0.14161039894505958,4,0.7744940292276495,1.243783582096265,-0.20490430462717257,-0.10322026370557091,1,0,1,2,0.7744940292276495,1.243783582096265,-0.12622506292475993
88,2021-11-24,Liverpool,Porto,H,1.9406374635090915,0.9620689743854504,0.9785684891236411,2.3448958671426605,0.7227060305105533,0.17677777561100055,10,0.38586280586553245,1.747667243703724,-1.3618044378381915,0.521640255474014,0.17388008515800468,0.0,6,2.3403729269618325,1.8232556116686465,0.19297021980536755,-0.5762061685199179,1,0,0,1,2.3403729269618325,1.8232556116686465,-1.3326189112171885
89,2021-12-07,Man City,Leipzig,H,3.040333958849457,1.0668536595298803,1.9734802993195768,2.6984514183646615,0.8994838061215538,0.0,10,1.5724816195241615,3.3081968505387445,-1.735715231014583,0.34215217125421993,0.11405072375140664,0.0,5,3.70919553033416,2.3562992471104414,-0.26786289168928734,0.5056279599942812,1,0,0,1,3.70919553033416,2.3562992471104414,-3.4253998136362074
90,2021-12-07,Real Madrid,Inter Milan,H,1.43442042576525,0.9855808786558999,0.44883954710935003,1.8714181491127468,0.5595341032329733,0.19281583941382718,10,0.22810144750281328,1.4202827165018856,-1.1921812689990723,0.34215217125421993,0.11405072375140664,0.0,5,1.6410208161084223,1.529265977858527,0.014137709263364329,-0.7574794311530867,2,0,0,2,1.6410208161084223,1.529265977858527,-0.5350981008497938
91,2021-12-08,Bayern Munich,Barcelona,H,3.2316688609051063,1.1333575072503779,2.0983113536547284,2.299715867118788,0.7450889516281016,0.06444901223448275,10,0.9487753408954598,2.1687362033580797,-1.21996086246262,0.9454436345698528,0.23488193053076162,0.24079784297756804,10,3.3182722161173483,1.3542722325489351,1.0629326575470266,-0.1845821663549181,3,0,0,3,3.3182722161173483,1.3542722325489351,-2.55985772871973
92,2021-12-08,Liverpool,AC Milan,H,1.9468800684021073,0.860897143767378,1.0859829246347292,2.413787065311668,0.7518664537853188,0.15818770395571172,10,1.7310585786300048,2.46211715726001,-0.7310585786300052,0.2689414213699951,0.0,0.2689414213699951,2,1.8170415032647345,2.144845643941673,-0.5152370888579028,0.8701614348626268,1,0,0,1,1.8170415032647345,2.144845643941673,-0.7939171332999212
93,2022-02-15,PSG,Real Madrid,H,1.7135335743061475,1.6582391252184046,0.05529444908774295,1.4307718926333508,0.47692396421111694,0.0,10,1.5455038948648077,0.778723050767365,0.7667808440974426,2.144920791614533,0.6574605325341583,0.17253919401205836,10,-0.7114863950096997,-0.7141488989811822,0.9348105235387825,-0.1127352303535969,0,0,0,0,0.7114863950096997,0.7141488989811822,0.0423987243454026
94,2022-02-15,Man City,Sporting,H,2.8793249943184436,1.0082165483430654,1.8711084459753782,2.730162473223092,0.9100541577410306,0.0,10,0.0,0.0,0.0,0.0,0.0,0.0,0,1.8711084459753782,2.730162473223092,2.8793249943184436,-1.0082165483430654,0,0,0,0,1.8711084459753782,2.730162473223092,0.0
95,2022-02-16,Bayern Munich,Salzburg,H,3.207306405219488,1.0141728574943654,2.1931335477251226,2.3733582249566325,0.7718955716264557,0.05767151007726551,10,0.0,0.0,0.0,0.0,0.0,0.0,0,2.1931335477251226,2.3733582249566325,3.207306405219488,-1.0141728574943654,0,0,0,0,2.1931335477251226,2.3733582249566325,0.0
96,2022-02-16,Liverpool,Inter Milan,H,1.9524661966997159,0.8239185604846797,1.1285476362150362,2.5786470873701326,0.8295670817037211,0.08994584225896952,10,0.1908548280394664,1.5709618899805395,-1.3801070619410731,0.2862822420591996,0.0954274140197332,0.0,6,2.5086546981561093,2.292364845310933,0.38150430671917634,-0.6330637324452133,0,0,0,0,2.5086546981561093,2.292364845310933,-1.5575165624772767
97,2022-03-09,Real Madrid,PSG,H,1.3313709147375787,0.7503859512447076,0.5809849634928711,1.9193594557892866,0.5883215337652781,0.15439485449345228,10,1.5352844268018417,1.4838575659252955,0.05142686087654624,1.595792992478121,0.531930997492707,0.0,10,0.5295581026163249,0.3235664633111657,-0.15248665118771676,0.7848984755571341,0,0,1,1,0.5295581026163249,0.3235664633111657,0.02987823288891318
98,2022-03-09,Man City,Sporting,D,3.2571568307621863,0.8505850726430573,2.406571758119129,2.7585387718880723,0.9195129239626907,0.0,10,0.0,5.0,-5.0,0.0,0.0,0.0,1,7.406571758119129,2.7585387718880723,-1.7428431692378137,-0.8505850726430573,1,0,0,1,7.406571758119129,2.7585387718880723,-12.032858790595643
99,2022-04-05,Chelsea,Real Madrid,A,1.4085166123607649,0.4695706066699424,0.9389460056908225,2.2405572167864736,0.7253694015173302,0.06444901223448275,10,1.506845089327188,0.7766355351445454,0.7302095541826427,2.0330003536965764,0.6316139225273338,0.13815858611457488,10,0.20873645150817988,0.20755686308989718,0.6318810772162194,1.0372744826572458,1,0,0,1,0.20873645150817988,0.20755686308989718,0.6856273442170686
100,2022-04-05,Man City,Atletico Madrid,H,2.8114185238421054,0.7095302306192213,2.101888293222884,2.470396163873517,0.7712095820035645,0.15676741786282353,10,0.720065341423974,2.0692458031090375,-1.3491804616850636,0.07190332600334028,0.0,0.07190332600334028,8,3.4510687549079475,2.398492837870177,0.742172720733068,0.010535110804752779,0,0,0,0,3.4510687549079475,2.398492837870177,-2.8358266178608806
101,2022-04-06,Bayern Munich,Villarreal,H,3.864182328146337,0.961075695440372,2.903106632705965,2.5424697714872355,0.8474899238290785,0.0,10,0.2689414213699951,0.5378828427399902,-0.2689414213699951,0.7310585786300049,0.0,0.7310585786300049,2,3.1720480540759604,1.8114111928572307,3.326299485406347,-0.6921342740703769,0,0,0,0,3.1720480540759604,1.8114111928572307,-0.7807656241886026
102,2022-04-06,Liverpool,Benfica,H,1.9574648839291848,0.7372747217747897,1.2201901621543951,2.622956847524545,0.8474899238290785,0.08048707603730937,10,0.44853260602753353,1.7164027202722902,-1.2678701142447566,0.4564660379844895,0.0,0.4564660379844895,5,2.4880602763991515,2.1664908095400555,0.2410621636568946,-0.28874211574725617,0,0,0,0,2.4880602763991515,2.1664908095400555,-1.5470426402910211
103,2022-04-12,Real Madrid,Chelsea,A,1.715473014512713,0.7485179601909444,0.9669550543217686,2.2379041664964934,0.7219603887876271,0.07202300013361215,10,1.417163460989421,0.735672290425531,0.6814911705638901,2.0049386891527132,0.649089059691816,0.05767151007726551,10,0.28546388375787857,0.23296547734378015,0.9798007240871821,0.6686455007984766,1,0,1,2,0.28546388375787857,0.23296547734378015,0.6589713318524121
104,2022-04-13,Benfica,Liverpool,D,0.6137422992408832,2.0658482378926695,-1.4521059386517863,0.32893292228890675,0.0,0.32893292228890675,6,2.1187053236573954,0.816509826200281,1.3021954974571144,2.662606963029327,0.8635279876319051,0.07202300013361215,10,-2.754301436108901,-2.3336740407404206,-0.20276752695939781,0.05285708576472592,0,0,1,1,2.754301436108901,2.3336740407404206,-1.8909258151430928
105,2022-04-13,Villarreal,Bayern Munich,D,0.1863237232258476,0.8791278375073492,-0.6928041142815017,0.3071958857184984,0.0,0.3071958857184984,3,3.4597694883958727,0.8084015840375645,2.6513679043583083,2.5905839628957152,0.8635279876319051,0.0,10,-3.34417201863981,-2.283388077177217,-0.6220778608117169,2.5806416508885235,0,0,1,1,3.34417201863981,2.283388077177217,-1.836878592613359
106,2022-04-13,Atletico Madrid,Man City,D,0.5838071343113873,1.8644915025443742,-1.280684368232987,0.06400700635420768,0.0,0.06400700635420768,9,2.569321779662571,0.5833088121492527,1.9860129675133182,2.5260896650983087,0.7952693386663956,0.14028164909912183,10,-3.266697335746305,-2.462082658744101,0.0004983221621346345,0.7048302771181967,0,0,1,1,3.266697335746305,2.462082658744101,-2.5434557626023135
107,2022-04-26,Man City,Real Madrid,H,2.1959166766351492,0.5219676589554388,1.6739490176797105,2.262391563959654,0.6600315370184597,0.28229695290427487,10,1.745394066691304,1.140105553709021,0.6052885129822829,1.847744431412174,0.5944318063925638,0.06444901223448275,10,1.0686605046974276,0.4146471325474801,1.0558111229261282,1.223426407735865,2,0,0,2,1.0686605046974276,0.4146471325474801,1.0132221117195053
108,2022-04-27,Liverpool,Villarreal,H,2.262989608586636,1.20094734863775,1.062042259948886,2.384552609573591,0.7211120598254281,0.2212164300973063,10,0.5265473731182511,0.9439771666559362,-0.41742979353768517,0.5825702064623146,0.0,0.5825702064623146,4,1.479472053486571,1.8019824031112763,1.3190124419306997,-0.6743999755194989,0,0,0,0,1.479472053486571,1.8019824031112763,-0.44332808129876
109,2022-05-03,Villarreal,Liverpool,A,0.35549610782782204,1.2776287055590194,-0.9221325977311974,0.38788941216485384,0.0,0.38788941216485384,5,2.286940176354137,0.9198347009534529,1.3671054754006842,2.6040936816472255,0.8020468408236128,0.19795315917638734,10,-2.2892380731318815,-2.216204269482372,-0.5643385931256308,1.0093114707951176,0,0,1,1,2.2892380731318815,2.216204269482372,-1.2606525234037764
110,2022-05-04,Real Madrid,Man City,H,1.8773292837667914,1.59567421155135,0.2816550722154414,1.4986141606208463,0.48031421684786024,0.05767151007726551,10,2.5920622501527726,0.8857727022501581,1.7062895479026143,2.494779175048721,0.7473895875243605,0.25261041247563965,10,-1.424634475687173,-0.9961650144278749,0.9915565815166333,0.9963880386014226,0,0,3,3,1.424634475687173,0.9961650144278749,0.48058510583496367
111,2022-05-28,Liverpool,Real Madrid,A,2.5167462385925408,1.136639091108985,1.3801071474835558,2.748940929917098,0.8744704649585489,0.12552953504145134,10,2.1502103073099565,1.5846394391857417,0.5655708681242149,1.7597143905695753,0.5865714635231918,0.0,10,0.8145362793593409,0.9892265393475228,0.9321067994067991,1.0135712162009716,0,1,1,2,0.8145362793593409,0.9892265393475228,0.7805483975067085
112,2022-09-06,Bayern Munich,Inter Milan,H,3.0462782444854146,0.8285502043574587,2.2177280401279558,2.320103597339108,0.7211120598254281,0.15676741786282353,10,0.16403276697839272,1.6586489557779007,-1.494616188799508,0.24604915046758907,0.08201638348919636,0.0,7,3.7123442289274635,2.0740544468715187,1.387629288707514,-0.664517437379066,0,0,0,0,3.7123442289274635,2.0740544468715187,-3.3146522311298474
113,2022-09-06,Man City,Sevilla,H,2.166606222866688,1.1081062892912403,1.0584999335754477,2.0776062885717343,0.617186853217279,0.22604572891989755,10,0.506480391055654,1.1992845053371557,-0.6928041142815017,0.3071958857184984,0.0,0.3071958857184984,3,1.7513040478569493,1.770410402853236,0.9673217175295323,-0.6016258982355863,0,0,0,0,1.7513040478569493,1.770410402853236,-0.7333331089477664
114,2022-09-07,Chelsea,AC Milan,H,1.7384358368345318,0.9718433254892918,0.7665925113452401,2.21279348576739,0.7375978285891299,0.0,10,1.3071958857184982,2.1208721624926508,-0.8136762767741526,0.1863237232258476,0.0,0.1863237232258476,3,1.5802687881193926,2.0264697625415424,-0.3824363256581189,0.33535256022920645,0,0,0,0,1.5802687881193926,2.0264697625415424,-0.6237581404343423
115,2022-09-07,Real Madrid,Leipzig,H,2.080860140263281,1.3147842038036885,0.7660759364595924,2.0449638766341645,0.6816546255447216,0.0,10,1.3966489201823835,2.929025848901192,-1.5323769287188087,0.2862822420591996,0.0954274140197332,0.0,6,2.298452865178401,1.7586816345749647,-0.8481657086379113,0.08186471637869497,0,0,0,0,2.298452865178401,1.7586816345749647,-1.1739170906773355
116,2022-09-13,Liverpool,Ajax,H,2.0972632807057043,1.070663296260907,1.0265999844447973,2.3050402196584936,0.7309038187606587,0.11232876337651782,10,0.9318511174663722,1.8918807219160416,-0.9600296044496694,0.923415088862536,0.3078050296208453,0.0,6,1.9866295888944667,1.3816251307959577,0.20538255878966272,-0.1388121787945349,1,0,0,1,1.9866295888944667,1.3816251307959577,-0.9855663769945755
117,2022-09-13,Atletico Madrid,Porto,H,0.48973385007592374,1.5662731521516968,-1.0765393020757732,0.21443892794008904,0.0,0.21443892794008904,10,0.31412944815427735,1.8115720714801224,-1.497442623325845,0.4056664680136105,0.13522215600453683,0.0,7,0.4209033212500719,-0.19122754007352147,-1.3218382214041986,-1.2521437039974195,0,0,0,0,0.4209033212500719,0.19122754007352147,1.6120558366137203
118,2022-09-14,PSG,Juventus,H,1.530600285457925,1.7465096094537023,-0.21590932399577722,1.4279783111662807,0.4759927703887602,0.0,10,0.4069387799282834,1.9716598557874034,-1.56472107585912,0.5533828080167219,0.1464440280884384,0.11405072375140664,5,1.3488117518633427,0.8745955031495588,-0.4410595703294784,-1.3395708295254187,0,0,0,0,1.3488117518633427,0.8745955031495588,0.33783786973068786
119,2022-09-14,Dortmund,Man City,D,1.3034946821944908,2.3219180195933786,-1.0184233373988878,0.5982352905542629,0.1619688423925817,0.11232876337651782,10,2.4626206343726973,0.9915770748670798,1.4710435595056175,2.17460584143166,0.657443745265391,0.20227460563548733,10,-2.4894668969045055,-1.576370550877397,0.31191760732741103,0.14070261477931867,0,0,4,4,2.4894668969045055,1.576370550877397,-1.4981450913308503
120,2022-10-05,Bayern Munich,Barcelona,H,2.936250909493067,0.586599094782055,2.349651814711012,2.54642217156996,0.8020468408236128,0.14028164909912183,10,0.7973947431800209,2.307759206797618,-1.5103644636175972,0.8460201360449819,0.21018158624818703,0.21547537730042088,10,3.8600162783286094,1.7004020355249783,0.6284917026954489,0.21079564839796594,4,0,0,4,3.8600162783286094,1.7004020355249783,-3.5488306028141117
121,2022-10-05,Chelsea,AC Milan,H,1.7123881544214532,0.7148234133998632,0.99756474102159,2.45039686464385,0.8167989548812833,0.0,10,0.8126962581159317,1.6710858591708722,-0.8583896010549404,0.14161039894505958,0.0,0.14161039894505958,4,1.8559543420765303,2.30878646569879,0.041302295250581045,0.0978728447160685,1,0,0,1,1.8559543420765303,2.30878646569879,-0.8562992000719976
122,2022-10-11,Man City,Bayern Munich,D,1.9456160926490678,0.8356954175656557,1.109920675083412,1.9478700193184877,0.5366997771799695,0.3377706877785791,10,2.8377941242176083,0.37009172918712185,2.4677023950304866,2.748940929917098,0.8744704649585489,0.12552953504145134,10,-1.3577817199470745,-0.8010709105986105,1.575524363461946,2.0020987066519527,1,0,2,3,1.3577817199470745,0.8010709105986105,2.7389539081971903
123,2022-10-11,Liverpool,Rangers,H,2.0354282729806235,1.0116255610727685,1.023802711907855,2.378122664945742,0.759202157022432,0.10051619387844621,10,0.0,0.0,0.0,0.0,0.0,0.0,0,1.023802711907855,2.378122664945742,2.0354282729806235,-1.0116255610727685,0,0,0,0,1.023802711907855,2.378122664945742,0.0
124,2022-10-12,Real Madrid,Leipzig,H,2.2807309852107256,1.490055434415665,0.7906755507950607,2.1453961278342715,0.7151320426114238,0.0,10,1.5237964499002912,2.938452896110208,-1.414656446209917,0.24604915046758907,0.08201638348919636,0.0,7,2.2053319970049774,1.8993469773666825,-0.6577219108994825,0.03374101548462627,1,0,0,1,2.2053319970049774,1.8993469773666825,-1.1185342647928092
125,2022-10-12,Barcelona,Inter Milan,D,0.5587199631869998,2.3786085077084995,-1.8198885445214996,0.6022318765181119,0.13647201236809492,0.19281583941382718,10,0.14380665200668055,1.7161298281876114,-1.5723231761809309,0.21570997801002084,0.07190332600334028,0.0,8,-0.24756536834056875,0.3865218985080911,-1.1574098650006115,-2.2348018557018188,1,0,0,1,0.24756536834056875,0.3865218985080911,2.8614529366173356
126,2022-10-25,PSG,Benfica,D,1.5283559454491162,1.6680061489189129,-0.13965020346979662,1.5932931859466628,0.5310977286488876,0.0,10,1.1509190316985825,2.265722565197797,-1.1148035334992143,0.4795806555812575,0.0,0.4795806555812575,7,0.9751533300294177,1.1137125303654054,-0.7373666197486806,-0.5170871172203304,0,0,0,0,0.9751533300294177,1.1137125303654054,0.1556825402820135
127,2022-10-25,Bayern Munich,Man United,H,2.5413169692059605,0.4879400479672764,2.053376921238684,2.461807637521317,0.7309038187606587,0.2690961812393413,10,1.100996232196787,1.1220346216058672,-0.021038389409080205,1.6740015822271124,0.48368597911750044,0.22294364487461094,7,2.0744153106477645,0.7878060552942046,1.4192823476000933,0.6130561842295106,0,0,0,0,2.0744153106477645,0.7878060552942046,-0.04319974327263765
128,2022-10-26,Real Madrid,Chelsea,H,2.2512091230145908,1.2817534522708591,0.9694556707437316,2.235266854884305,0.7450889516281016,0.0,10,2.0026144998119833,0.5880453602124561,1.4145691395995272,2.6630137098704467,0.8876712366234822,0.0,10,-0.4451134688557956,-0.42774685498614184,1.6631637628021347,0.7208610475411241,1,0,2,3,0.4451134688557956,0.42774685498614184,1.371362074043843
129,2022-10-26,Man City,Dortmund,H,1.6913542542831859,0.8529737997049811,0.8383804545782048,1.7449778911613927,0.4286533272689552,0.459017909354527,10,1.0632048215316954,1.8713165956431403,-0.808111774111445,0.6920918765566461,0.1449360882717921,0.25728361174126974,10,1.6464922286896497,1.0528860146047467,-0.17996234135995448,0.21023102182671427,4,1,0,5,1.6464922286896497,1.0528860146047467,-0.6775051165295528
130,2022-11-01,Liverpool,Atletico Madrid,H,2.0317026115898944,0.9052423259423095,1.126460285647585,2.443519710357707,0.7845246226995792,0.08994584225896952,10,0.7001612048712644,1.506723480601744,-0.8065622757304796,0.6105839026875923,0.15676741786282353,0.14028164909912183,10,1.9330225613780645,1.8329358076701148,0.5249791309881504,-0.20508112107104504,4,0,0,4,1.9330225613780645,1.8329358076701148,-0.9085603715119221
131,2022-11-01,Inter Milan,Barcelona,H,0.6499812595085316,1.930788173939082,-1.2808069144305505,0.36601010132932843,0.06400700635420768,0.1739890822667054,9,0.8670533743828885,2.1859207881776452,-1.3188674137947567,0.6956681788101267,0.12212052231174826,0.32930661187488186,10,0.03806049936420619,-0.32965807748079823,-1.5359395286691138,-1.0637347995561934,0,1,1,2,0.03806049936420619,0.32965807748079823,1.6892145028054624
132,2022-11-02,Chelsea,AC Milan,H,1.8971788740399362,0.8397409441140213,1.057437929925915,2.2281491647761906,0.7427163882587302,0.0,10,0.5949766341159719,2.1009699301566673,-1.5059932960406954,0.11405072375140664,0.0,0.11405072375140664,5,2.5634312259666103,2.114098441024784,-0.2037910561167311,-0.24476430999804943,2,0,0,2,2.5634312259666103,2.114098441024784,-1.5924944334475786
133,2022-11-02,Bayern Munich,Inter Milan,H,2.694713073275548,0.7501627748950555,1.9445502983804925,2.5184043140448638,0.759202157022432,0.24079784297756804,10,0.6929553853147201,1.6138839630608448,-0.9209285777461247,0.783598432919389,0.21443892794008904,0.14028164909912183,10,2.865478876126617,1.7348058811254747,1.0808291102147032,-0.05720738958033533,1,0,0,1,2.865478876126617,1.7348058811254747,-1.7907919406433495
134,2023-02-14,PSG,Bayern Munich,A,1.4727936732604976,1.546151431249205,-0.07335775798870747,1.5825088038603259,0.47524712866583413,0.15676741786282353,10,2.6236037857031462,0.5680616756322767,2.0555421100708697,2.5690492453991585,0.7845246226995792,0.21547537730042088,10,-2.128899868059577,-0.9865404415388326,0.9047319976282209,1.0774523544539412,1,0,1,2,2.128899868059577,0.9865404415388326,-0.15078996064617595
135,2023-02-14,Liverpool,Real Madrid,A,2.0283687432963324,0.8100464244976673,1.2183223187986651,2.502039557795828,0.8071841605861729,0.08048707603730937,10,2.2247918000159133,1.3037308014173392,0.921060998598574,2.315686714879367,0.7718955716264557,0.0,10,0.2972613202000911,0.18635284291646093,0.7246379418789932,1.414745375518246,0,1,2,3,0.2972613202000911,0.18635284291646093,1.1221491715676288
136,2023-02-15,Man City,Leipzig,H,1.7238116517651043,0.8684351753741926,0.8553764763909117,1.876956873539931,0.48873653370918857,0.41074727241236525,10,1.2153346708723327,2.7493067480642384,-1.5339720771919056,0.21570997801002084,0.07190332600334028,0.0,8,2.3893485535828174,1.66124689552991,-1.025495096299134,0.34689949549814014,2,0,0,2,2.3893485535828174,1.66124689552991,-1.31212363027046
137,2023-02-15,Chelsea,Dortmund,A,1.9079916138918125,0.7514332127320447,1.1565584011597678,2.309317525925726,0.7697725086419087,0.0,10,1.10816489399599,1.8848490303599605,-0.7766841363639705,0.6193110219907243,0.12969451021087766,0.23022749135809134,10,1.9332425375237383,1.6900065039350018,0.023142583531851946,0.3567316812639454,0,0,0,0,1.9332425375237383,1.6900065039350018,-0.8982805629592688
138,2023-03-07,Bayern Munich,PSG,H,2.349651033021441,0.5083239217312125,1.8413271112902283,2.614368321172346,0.8071841605861729,0.19281583941382718,10,1.1114867456801765,1.488717773616229,-0.37723102793605245,1.2612708928675196,0.37366308125613257,0.14028164909912183,10,2.218558139226281,1.3530974283048263,0.8609332594052119,0.6031628239489639,2,0,1,3,2.218558139226281,1.3530974283048263,-0.6946057189585348
139,2023-03-08,Dortmund,Chelsea,H,0.9935767304922838,1.6350302839483408,-0.641453553456057,0.8696659013706796,0.2212164300973063,0.2060166110787607,10,1.6041324429081096,0.8291794005755935,0.7749530423325162,1.9116479131752473,0.6372159710584158,0.0,10,-1.4164065957885732,-1.0419820118045677,0.16439732991669032,-0.03089784104023119,1,0,0,1,1.4164065957885732,1.0419820118045677,-0.49709638276577467
140,2023-03-08,Real Madrid,Liverpool,H,2.7746682636945694,1.4285576806985962,1.3461105829959732,2.5424697714872355,0.8474899238290785,0.0,10,2.0253854668701723,1.4570917437223398,0.5682937231478324,2.0841031645089663,0.670693388125118,0.07202300013361215,10,0.7778168598481408,0.45836660697826925,1.3175765199722296,0.5968277861715761,3,1,0,4,0.7778168598481408,0.45836660697826925,0.764986194979481
141,2023-03-08,Leipzig,Man City,D,1.0090488704697684,3.4920189704633735,-2.4829700999936053,0.19202101906262303,0.06400700635420768,0.0,9,2.3818726924359344,0.7771099390294098,1.6047627534065245,1.995056855965398,0.5425013491121837,0.3675528086288468,10,-4.08773285340013,-1.803035836902775,0.2319389314403586,-1.1101462780274391,0,0,3,3,4.08773285340013,1.803035836902775,-3.9845779342918117
142,2023-04-11,Man City,Bayern Munich,H,2.2881607507009982,0.8521559447935574,1.4360048059074408,1.8904159971835313,0.48545153661042034,0.4340613873522703,10,2.2612747568351517,0.4548682308423595,1.8064065259927922,2.654921611975883,0.8274608059879416,0.17253919401205836,10,-0.3704017200853513,-0.7645056147923519,1.8332925198586387,1.4091188120415943,1,1,2,4,0.3704017200853513,0.7645056147923519,2.594008452748214
143,2023-04-11,Real Madrid,Chelsea,H,2.4848294673022058,1.2267228443490592,1.2581066229531466,2.5905839628957152,0.8635279876319051,0.0,10,1.3838340446144655,1.0555171640532597,0.3283168805612058,1.5557975085837743,0.5185991695279247,0.0,10,0.9297897423919408,1.034786454311941,1.429312303248946,0.15711120026540626,2,0,2,4,0.9297897423919408,1.034786454311941,0.4130576418613702
144,2023-04-12,Inter Milan,Benfica,H,0.5168702542234758,1.9144690765115047,-1.397598822288029,0.5463744823388168,0.14028164909912183,0.12552953504145134,10,1.101166464185831,2.0040147080378223,-0.9028482438519914,0.5751590345876412,0.0,0.5751590345876412,8,-0.49475057843603754,-0.02878455224882437,-1.4871444538143466,-0.8133026123256737,0,0,0,0,0.49475057843603754,0.02878455224882437,1.2618196423123582
145,2023-04-12,AC Milan,Napoli,D,0.4708990004619991,2.059625423111169,-1.5887264226491697,0.0954274140197332,0.0,0.0954274140197332,6,0.0,0.0,0.0,0.0,0.0,0.0,0,-1.5887264226491697,0.0954274140197332,0.4708990004619991,-2.059625423111169,0,0,0,0,1.5887264226491697,0.0954274140197332,-0.0
146,2023-04-18,Bayern Munich,Man City,D,1.662230415795594,0.8257294958388153,0.8365009199567788,2.2209080374246253,0.6888377276437243,0.15439485449345228,10,2.466231721830014,0.7625426434583706,1.7036890783716434,2.0071006089715575,0.5395618045525848,0.3884151953138031,10,-0.8671881584148646,0.21380742845306777,0.8996877723372234,1.6405022259911988,2,1,2,5,0.8671881584148646,0.21380742845306777,1.4251374813781963
147,2023-04-19,Chelsea,Real Madrid,H,1.1867023763900812,1.258053093692907,-0.07135071730282583,1.237368575651023,0.4124561918836744,0.0,10,2.382237734614988,1.0461130972806993,1.3361246373342885,2.633638433064755,0.8778794776882517,0.0,10,-1.4074753546371144,-1.396269857413732,0.1405892791093819,1.1241846409220808,2,0,3,5,1.4074753546371144,1.396269857413732,-0.0953334512797795
148,2023-04-26,Inter Milan,AC Milan,H,0.7760506608966518,1.5583219964562123,-0.7822713355595605,0.9592196220893423,0.28229695290427487,0.11232876337651782,10,0.6132049295430436,1.8164548263383022,-1.2032498967952585,0.3049600283638073,0.0,0.3049600283638073,7,0.420978561235698,0.654259593725535,-1.0404041654416505,-0.9451170669131687,0,0,0,0,0.420978561235698,0.654259593725535,0.9412679037779302
149,2023-05-09,Man City,Real Madrid,H,2.3636485269311205,0.8391205559769355,1.524527970954185,1.9011932208954443,0.4828211165649635,0.45272987120055375,10,2.0285065175779007,1.0948177609752925,0.9336887566026082,2.356683216179733,0.7855610720599111,0.0,10,0.5908392143515768,-0.4554899952842888,1.268830765955828,1.1893859616009652,3,0,1,4,0.5908392143515768,0.4554899952842888,1.4234346256061101
150,2023-05-10,Inter Milan,AC Milan,H,1.0079754789357471,1.3428410560084885,-0.33486557707274134,1.3286496848938358,0.4093778303384632,0.10051619387844621,10,0.502910602203983,1.858557421187517,-1.355646818983534,0.2413376494663359,0.0,0.2413376494663359,8,1.0207812419107927,1.0873120354274999,-0.85058194225177,-0.8399304538045055,1,0,0,1,1.0207812419107927,1.0873120354274999,0.45395945434574725
151,2023-05-17,Real Madrid,Man City,D,1.660367182311325,1.4003287100098896,0.2600384723014355,2.1088527991141643,0.7029509330380548,0.0,10,2.5357283657708565,0.596057861003715,1.9396705047671414,2.0167444924750813,0.5372080012761734,0.4051204886465612,10,-1.679632032465706,0.09210830663908309,1.06430932130761,1.135399655760967,1,0,4,5,1.679632032465706,0.09210830663908309,0.5043889548278018
152,2023-06-10,Man City,Inter Milan,H,2.3742301216388415,0.5353232229536427,1.8389068986851989,1.9614296816983683,0.48071484084918403,0.519285159150816,10,1.0587435067993245,1.0984135037945362,-0.039669996995211676,1.6592302299044983,0.5230947958818429,0.08994584225896952,10,1.8785768956804105,0.30219945179387,1.2758166178443053,0.5234202838456818,0,0,0,0,1.8785768956804105,0.30219945179387,-0.07294943114531587
